First Name,Last Name,Email,Company Name,Position,List,Priority,Personalization
Alex,Chen,alex@mergestream.io,MergeStream,Head of Sales,Active,High,"Hi Alex, noticed MergeStream is scaling. Curious how you're handling outbound workflows?"
Riley,Davis,riley@mergestream.io,MergeStream,Head of Revenue Operations,Active,High,"Hi Riley, noticed MergeStream is scaling. Curious how you're handling outbound workflows?"
Sam,Patel,sam.patel@datapulse.com,DataPulse Inc,Head of Sales,Active,High,"Hi Sam, noticed DataPulse Inc is scaling. Curious how you're handling outbound workflows?"
Alex,Kim,alex@datapulse.com,DataPulse Inc,Director of Sales,Active,High,"Hi Alex, noticed DataPulse Inc is scaling. Curious how you're handling outbound workflows?"
Sam,Patel,sam@flowsync.co,FlowSync,CRO,Active,High,"Hi Sam, noticed FlowSync is scaling. Curious how you're handling outbound workflows?"
Casey,Davis,casey@flowsync.co,FlowSync,Head of Revenue Operations,Active,High,"Hi Casey, noticed FlowSync is scaling. Curious how you're handling outbound workflows?"
Sam,Williams,sam@quantix.ai,Quantix AI,VP of Sales,Active,High,"Hi Sam, noticed Quantix AI is scaling. Curious how you're handling outbound workflows?"
Alex,Patel,alex@quantix.ai,Quantix AI,Head of Sales,Active,High,"Hi Alex, noticed Quantix AI is scaling. Curious how you're handling outbound workflows?"
Taylor,Chen,taylor@salesstack.io,SalesStack,Head of Sales,Active,High,"Hi Taylor, noticed SalesStack is scaling. Curious how you're handling outbound workflows?"
Morgan,Patel,morgan@salesstack.io,SalesStack,CRO,Active,High,"Hi Morgan, noticed SalesStack is scaling. Curious how you're handling outbound workflows?"
Alex,Williams,alex.williams@reachforce.com,ReachForce,Head of Revenue Operations,Active,High,"Hi Alex, noticed ReachForce is scaling. Curious how you're handling outbound workflows?"
Casey,Davis,casey@reachforce.com,ReachForce,Head of Sales,Active,High,"Hi Casey, noticed ReachForce is scaling. Curious how you're handling outbound workflows?"
Taylor,Patel,taylor@pipelineai.io,PipelineAI,Head of Revenue Operations,Active,High,"Hi Taylor, noticed PipelineAI is scaling. Curious how you're handling outbound workflows?"
Jordan,Kim,jordan@pipelineai.io,PipelineAI,VP of Growth,Active,High,"Hi Jordan, noticed PipelineAI is scaling. Curious how you're handling outbound workflows?"
Alex,Martinez,alex@clariFi.co,ClariFi,VP of Revenue,Active,High,"Hi Alex, noticed ClariFi is scaling. Curious how you're handling outbound workflows?"
Jordan,Chen,jordan@clariFi.co,ClariFi,Director of Sales,Active,High,"Hi Jordan, noticed ClariFi is scaling. Curious how you're handling outbound workflows?"
Alex,Chen,alex@outboundly.com,Outboundly,Head of Revenue Operations,Active,High,"Hi Alex, noticed Outboundly is scaling. Curious how you're handling outbound workflows?"
Alex,Davis,alex@outboundly.com,Outboundly,VP of Revenue,Active,High,"Hi Alex, noticed Outboundly is scaling. Curious how you're handling outbound workflows?"
Casey,Patel,casey.patel@intentify.io,Intentify,Head of Revenue Operations,Active,High,"Hi Casey, noticed Intentify is scaling. Curious how you're handling outbound workflows?"
Taylor,Davis,taylor.davis@intentify.io,Intentify,VP of Growth,Active,High,"Hi Taylor, noticed Intentify is scaling. Curious how you're handling outbound workflows?"
